Software Package 1;Dist. Retro1 (1-4)
Software Package 2;Dist. Retro1 (1-4)
Software Package 3;Dist. Retro1 (1-4)
Software Package 4;Dist. Retro1 (1-4)
Software Package 5;Dist. Retro1 (1-4)
Software Package 6;Dist. Retro1 (1-4)
Software Package 7;Dist. Retro1 (1-4)
Software Package 8;Dist. Retro1 (1-4)
Software Installer 37;Dist. Retro1 (1-4)
Software Installer 38;Dist. Retro1 (1-4)
Software Installer 39;Dist. Retro1 (1-4)
Software Installer 40;Dist. Retro1 (1-4)
Software Installer 41;Dist. Retro1 (1-4)
Software Installer 42;Dist. Retro1 (1-4)
Software Installer 43;Dist. Retro1 (1-4)
Hradware Drivers 1;Distributives 10
Hradware Drivers 2;Distributives 10
Hradware Drivers 3;Distributives 10
Hradware Drivers 4;Distributives 10
Hradware Drivers 5;Distributives 10
Hradware Drivers 6;Distributives 10
Hradware Drivers 7;Distributives 10
Hradware Drivers 8;Distributives 10
Hradware Manuals 50;Distributives 10
Hradware Manuals 51;Distributives 10
Hradware Manuals 52;Distributives 10
Hradware Manuals 53;Distributives 10
Hradware Manuals 54;Distributives 10
Hradware Manuals 55;Distributives 10
Hradware Manuals 56;Distributives 10
